,mut
TCGA-MP-A4T4-01,0
TCGA-64-5774-01,0
TCGA-97-7937-01,0
TCGA-97-A4M6-01,1
TCGA-44-A4SU-01,1
TCGA-78-7155-01,1
TCGA-78-7163-01,0
TCGA-55-7574-01,0
TCGA-78-7535-01,0
TCGA-95-7567-01,0
TCGA-44-7670-01,0
TCGA-NJ-A7XG-01,0
TCGA-44-8117-01,0
TCGA-J2-A4AD-01,0
TCGA-44-3918-01,0
TCGA-55-A494-01,0
TCGA-64-5778-01,0
TCGA-J2-8194-01,0
TCGA-78-7633-01,0
TCGA-67-6217-01,1
TCGA-MP-A4T6-01,1
TCGA-50-5942-01,0
TCGA-86-8280-01,1
TCGA-83-5908-01,0
TCGA-78-7146-01,0
TCGA-95-7948-01,0
TCGA-50-5072-01,0
TCGA-91-8499-01,0
TCGA-49-AAQV-01,0
TCGA-86-8671-01,0
TCGA-91-6829-01,0
TCGA-91-8497-01,0
TCGA-78-7145-01,0
TCGA-80-5611-01,0
TCGA-91-6849-01,0
TCGA-49-AAR9-01,0
TCGA-86-8669-01,0
TCGA-86-8279-01,0
TCGA-75-6206-01,0
TCGA-75-6214-01,0
TCGA-49-6744-01,0
TCGA-73-4676-01,0
TCGA-55-6982-01,0
TCGA-4B-A93V-01,0
TCGA-78-7160-01,0
TCGA-44-2656-01,0
TCGA-L4-A4E5-01,0
TCGA-50-5051-01,0
TCGA-64-1681-01,1
TCGA-78-7161-01,0
TCGA-50-5049-01,0
TCGA-86-7713-01,0
TCGA-44-A479-01,0
TCGA-50-8460-01,0
TCGA-91-6830-01,0
TCGA-50-5068-01,0
TCGA-44-7669-01,0
TCGA-50-5066-01,0
TCGA-64-5815-01,0
TCGA-50-5939-01,0
TCGA-MP-A4TA-01,0
TCGA-44-6775-01,0
TCGA-MP-A4TI-01,0
TCGA-MN-A4N4-01,0
TCGA-55-8507-01,0
TCGA-86-8668-01,1
TCGA-05-5425-01,0
TCGA-55-6979-01,0
TCGA-78-7158-01,1
TCGA-78-7153-01,0
TCGA-49-AARE-01,0
TCGA-49-6761-01,0
TCGA-91-7771-01,0
TCGA-95-7947-01,1
TCGA-62-8394-01,1
TCGA-49-6743-01,0
TCGA-49-AAR4-01,0
TCGA-05-4417-01,0
TCGA-50-5045-01,0
TCGA-97-A4M2-01,0
TCGA-44-2668-01,0
TCGA-71-8520-01,1
TCGA-75-5125-01,0
TCGA-49-4512-01,0
TCGA-86-7711-01,0
TCGA-L4-A4E6-01,0
TCGA-49-AAR0-01,0
TCGA-50-7109-01,0
TCGA-L9-A50W-01,1
TCGA-91-A4BD-01,0
TCGA-78-7149-01,0
TCGA-50-6593-01,0
TCGA-05-5420-01,0
TCGA-44-8119-01,0
TCGA-73-7499-01,0
TCGA-50-5933-01,0
TCGA-NJ-A4YI-01,0
TCGA-55-7573-01,1
TCGA-91-A4BC-01,0
TCGA-86-8278-01,0
TCGA-NJ-A55R-01,0
TCGA-91-8496-01,0
TCGA-MP-A4TJ-01,0
TCGA-44-7661-01,0
TCGA-05-4427-01,0
TCGA-MP-A4TE-01,0
TCGA-49-AAR2-01,0
TCGA-86-7953-01,0
TCGA-86-8055-01,1
TCGA-55-5899-01,0
TCGA-49-AARN-01,0
TCGA-49-6745-01,0
TCGA-55-8505-01,0
TCGA-99-8028-01,0
TCGA-38-6178-01,1
TCGA-55-6543-01,0
TCGA-91-6835-01,1
TCGA-S2-AA1A-01,0
TCGA-69-7761-01,0
TCGA-44-5644-01,0
TCGA-MP-A4SV-01,0
TCGA-53-7626-01,0
TCGA-MN-A4N1-01,0
TCGA-69-A59K-01,0
TCGA-78-7148-01,0
TCGA-44-6145-01,0
TCGA-50-5930-01,0
TCGA-55-6981-01,1
TCGA-62-A46R-01,0
TCGA-97-7554-01,0
TCGA-67-6216-01,0
TCGA-62-A46S-01,0
TCGA-44-6147-01,1
TCGA-55-7911-01,0
TCGA-73-4658-01,0
TCGA-44-6778-01,0
TCGA-50-6595-01,1
TCGA-L9-A444-01,0
TCGA-64-5779-01,0
TCGA-44-7660-01,0
TCGA-44-6777-01,0
TCGA-97-7553-01,0
TCGA-78-7147-01,1
TCGA-95-A4VK-01,0
TCGA-NJ-A55O-01,0
TCGA-95-7043-01,0
TCGA-44-7672-01,0
TCGA-97-A4M5-01,0
TCGA-53-A4EZ-01,0
TCGA-75-7027-01,0
TCGA-78-7154-01,0
TCGA-50-5044-01,0
TCGA-95-A4VP-01,0
TCGA-49-AARO-01,0
TCGA-91-6831-01,0
TCGA-86-8056-01,0
TCGA-L9-A5IP-01,0
TCGA-97-7546-01,0
TCGA-78-7143-01,0
TCGA-97-A4M0-01,0
TCGA-NJ-A55A-01,0
TCGA-97-7941-01,0
TCGA-86-8585-01,0
TCGA-71-6725-01,0
TCGA-55-6978-01,0
TCGA-86-7954-01,0
TCGA-78-8662-01,0
TCGA-MP-A4TF-01,0
TCGA-MP-A4T7-01,0
TCGA-44-5645-01,1
TCGA-55-8506-01,1
TCGA-50-6591-01,1
TCGA-78-7159-01,0
TCGA-69-7763-01,0
TCGA-62-A471-01,0
TCGA-91-6840-01,0
TCGA-73-7498-01,0
TCGA-97-8179-01,0
TCGA-50-8459-01,0
TCGA-50-6590-01,0
TCGA-49-6742-01,0
TCGA-64-1679-01,0
TCGA-99-7458-01,0
TCGA-97-A4M7-01,1
TCGA-MP-A4TH-01,0
TCGA-62-A46P-01,0
TCGA-75-6212-01,1
TCGA-44-6146-01,0
TCGA-78-7166-01,0
TCGA-93-A4JN-01,0
TCGA-62-A46V-01,0
TCGA-50-6594-01,0
TCGA-49-AAR3-01,0
TCGA-86-7955-01,0
TCGA-93-A4JP-01,1
TCGA-78-7150-01,0
TCGA-50-5946-01,0
TCGA-78-7167-01,0
TCGA-86-8054-01,0
TCGA-NJ-A4YG-01,0
TCGA-78-7537-01,0
TCGA-69-7760-01,1
TCGA-86-A456-01,0
TCGA-49-AARR-01,0
TCGA-44-7667-01,0
TCGA-86-A4P8-01,0
TCGA-50-8457-01,0
TCGA-80-5608-01,0
TCGA-86-6851-01,0
TCGA-55-6970-01,0
TCGA-05-4384-01,0
TCGA-44-7671-01,0
TCGA-MP-A4TC-01,0
TCGA-91-6828-01,0
TCGA-L9-A743-01,0
TCGA-NJ-A4YF-01,0
TCGA-55-7815-01,0
TCGA-55-8620-01,0
TCGA-50-5941-01,0
TCGA-78-7539-01,0
TCGA-73-A9RS-01,0
TCGA-44-2665-01,0
TCGA-L9-A8F4-01,0
TCGA-86-8673-01,0
TCGA-86-8074-01,1
TCGA-86-A4D0-01,0
TCGA-MP-A4T8-01,0
TCGA-93-A4JQ-01,0
TCGA-69-7764-01,0
TCGA-86-7701-01,0
TCGA-L9-A7SV-01,0
TCGA-97-7938-01,0
TCGA-67-6215-01,0
TCGA-MP-A4T9-01,1
TCGA-97-7552-01,0
TCGA-05-5429-01,0
TCGA-91-6847-01,0
TCGA-44-A4SS-01,0
TCGA-L9-A443-01,0
TCGA-62-8395-01,0
TCGA-53-7624-01,0
TCGA-93-7348-01,0
TCGA-05-5423-01,1
TCGA-49-6767-01,0
TCGA-55-7910-01,0
TCGA-J2-A4AG-01,0
TCGA-50-5936-01,0
TCGA-86-8073-01,0
TCGA-05-5715-01,0
TCGA-44-5643-01,0
TCGA-49-4514-01,0
TCGA-55-6712-01,0
TCGA-44-4112-01,0
TCGA-J2-8192-01,1
TCGA-44-A47A-01,0
TCGA-86-A4JF-01,0
TCGA-95-7039-01,1
TCGA-62-A46O-01,0
TCGA-95-A4VN-01,0
TCGA-78-7156-01,0
TCGA-38-A44F-01,0
TCGA-05-4396-01,0
TCGA-05-4405-01,0
TCGA-78-7152-01,0
TCGA-64-5781-01,0
TCGA-MP-A4TD-01,0
TCGA-78-7542-01,0
TCGA-50-6673-01,1
TCGA-O1-A52J-01,0
TCGA-35-5375-01,0
TCGA-86-6562-01,0
TCGA-86-8358-01,0
TCGA-95-7944-01,0
TCGA-MP-A4SW-01,1
TCGA-49-4487-01,0
TCGA-44-7659-01,0
TCGA-91-6848-01,0
TCGA-50-5932-01,0
TCGA-55-6971-01,0
TCGA-55-7728-01,0
TCGA-44-6779-01,0
TCGA-MP-A4TK-01,0
TCGA-86-A4P7-01,1
TCGA-78-7162-01,0
TCGA-69-8255-01,0
TCGA-50-5931-01,0
TCGA-50-6597-01,0
TCGA-MP-A5C7-01,0
TCGA-53-7813-01,0
TCGA-93-A4JO-01,0
TCGA-91-6836-01,0
TCGA-78-7540-01,0
TCGA-49-4488-01,0
TCGA-44-7662-01,0
TCGA-44-3917-01,0
TCGA-62-8398-01,0
TCGA-78-7536-01,0
TCGA-50-6592-01,0
TCGA-MP-A4SY-01,0
TCGA-44-A47G-01,0
TCGA-44-6774-01,0
TCGA-86-8076-01,0
TCGA-86-8359-01,0
TCGA-86-8075-01,1
TCGA-50-5944-01,1
